시도명,시군구명,읍면동명,인구사회 부문,산업경제 부문,물리환경 부문,과거대비인구변화(%),최근인구변화(연속감소년수),과거대비사업체변화(%),최근사업체변화(연속감소년수),노후건축물비율(%),부합부문(개수),2개 부문 이상 부합여부
경기도,경기도 수원시,파장동,X,X,O,-9.58,2.00,-1.12,1.00,65.13,1,X
경기도,경기도 수원시,율천동,O,X,X,-2.10,3.00,2.65,1.00,45.94,1,X
경기도,경기도 수원시,정자1동,X,X,O,-13.33,2.00,-0.82,1.00,72.36,1,X
경기도,경기도 수원시,정자2동,O,X,O,-4.58,4.00,0.62,0.00,69.41,2,O
경기도,경기도 수원시,영화동,O,X,O,-17.91,4.00,-2.45,1.00,67.16,2,O
경기도,경기도 수원시,송죽동,O,X,O,-10.82,5.00,-2.82,2.00,70.77,2,O
경기도,경기도 수원시,조원1동,O,O,O,-8.37,5.00,-4.33,3.00,70.70,3,O
경기도,경기도 수원시,연무동,O,O,O,-35.83,5.00,-9.76,3.00,78.87,3,O
경기도,경기도 수원시,정자3동,O,X,X,-5.61,5.00,0.38,0.00,1.24,1,X
경기도,경기도 수원시,조원2동,X,X,X,-2.00,2.00,1.02,0.00,4.70,0,X
경기도,경기도 수원시,세류1동,O,O,O,-50.60,3.00,-61.54,1.00,78.33,3,O
경기도,경기도 수원시,세류2동,O,O,O,-28.98,2.00,-7.29,3.00,74.54,3,O
경기도,경기도 수원시,세류3동,O,X,O,-16.49,5.00,-4.59,1.00,76.53,2,O
경기도,경기도 수원시,평동,O,X,O,-4.88,4.00,6.77,0.00,50.13,2,O
경기도,경기도 수원시,서둔동,O,X,O,-2.12,5.00,6.12,0.00,53.15,2,O
경기도,경기도 수원시,구운동,O,X,O,-58.54,3.00,0.36,0.00,60.17,2,O
경기도,경기도 수원시,권선1동,O,X,O,-8.26,4.00,-2.06,1.00,71.36,2,O
경기도,경기도 수원시,곡선동,O,X,X,-25.49,2.00,3.46,0.00,2.37,1,X
경기도,경기도 수원시,입북동,X,X,X,26.53,2.00,11.56,1.00,24.44,0,X
경기도,경기도 수원시,금호동,X,X,X,61.33,1.00,0.08,0.00,28.16,0,X
경기도,경기도 수원시,권선2동,X,O,X,33.84,2.00,-15.81,2.00,48.71,1,X
경기도,경기도 수원시,지동,O,O,O,-50.76,5.00,-17.01,1.00,82.88,3,O
경기도,경기도 수원시,우만1동,O,X,O,-27.14,4.00,-0.84,2.00,79.31,2,O
경기도,경기도 수원시,우만2동,X,X,O,-9.94,2.00,1.90,1.00,50.36,1,X
경기도,경기도 수원시,인계동,X,X,O,-2.84,1.00,2.37,0.00,67.72,1,X
경기도,경기도 수원시,매교동,O,O,O,-37.73,5.00,-12.43,0.00,80.25,3,O
경기도,경기도 수원시,매산동,O,X,O,-15.18,5.00,6.39,0.00,73.04,2,O
경기도,경기도 수원시,고등동,O,O,O,-63.33,5.00,-34.41,3.00,79.00,3,O
경기도,경기도 수원시,화서1동,O,O,O,-22.00,5.00,-5.71,1.00,74.81,3,O
경기도,경기도 수원시,화서2동,X,X,X,-2.03,2.00,-0.94,1.00,31.35,0,X
경기도,경기도 수원시,행궁동,O,O,O,-10.95,5.00,-16.74,2.00,83.28,3,O
경기도,경기도 수원시,매탄1동,O,O,O,-8.77,4.00,-6.45,2.00,66.30,3,O
경기도,경기도 수원시,매탄2동,O,X,O,-63.11,5.00,-3.79,2.00,84.93,2,O
경기도,경기도 수원시,매탄3동,X,X,X,-3.26,2.00,3.91,0.00,42.86,0,X
경기도,경기도 수원시,매탄4동,O,O,O,-19.20,5.00,-8.48,2.00,86.08,3,O
경기도,경기도 수원시,영통1동,O,X,X,-11.02,5.00,2.99,0.00,0.66,1,X
경기도,경기도 수원시,영통2동,O,X,X,-9.15,5.00,1.03,1.00,8.47,1,X
경기도,경기도 수원시,태장동,X,X,X,25.29,0.00,6.88,0.00,20.27,0,X
경기도,경기도 수원시,원천동,X,X,X,23.36,1.00,8.18,0.00,35.97,0,X
경기도,경기도 수원시,광교동,X,X,X,0.00,1.00,46.52,0.00,1.16,0,X
경기도,경기도 성남시,신흥1동,O,O,O,-36.16,4.00,-20.37,3.00,87.71,3,O
경기도,경기도 성남시,신흥2동,O,X,O,-20.42,5.00,-2.39,1.00,89.19,2,O
경기도,경기도 성남시,신흥3동,O,O,O,-38.17,5.00,-6.02,2.00,88.22,3,O
경기도,경기도 성남시,태평1동,O,X,O,-23.15,5.00,-2.49,2.00,83.45,2,O
경기도,경기도 성남시,태평2동,O,O,O,-50.19,5.00,-7.01,1.00,85.21,3,O
경기도,경기도 성남시,태평3동,O,O,O,-30.54,5.00,-22.63,2.00,85.35,3,O
경기도,경기도 성남시,태평4동,O,O,O,-31.10,5.00,-14.81,2.00,90.31,3,O
경기도,경기도 성남시,수진1동,O,O,O,-41.11,5.00,-10.77,3.00,89.38,3,O
경기도,경기도 성남시,수진2동,O,O,O,-18.53,5.00,-7.85,2.00,81.67,3,O
경기도,경기도 성남시,단대동,X,O,O,-19.36,2.00,-10.17,1.00,69.32,2,O
경기도,경기도 성남시,산성동,O,O,O,-32.03,5.00,-8.41,1.00,82.48,3,O
경기도,경기도 성남시,양지동,O,X,O,-6.80,4.00,-3.56,1.00,71.27,2,O
경기도,경기도 성남시,복정동,O,X,X,-1.87,5.00,5.98,0.00,10.54,1,X
경기도,경기도 성남시,신촌동,X,X,X,-17.33,1.00,15.25,0.00,33.46,0,X
경기도,경기도 성남시,고등동,O,O,X,-55.10,4.00,-8.33,1.00,44.32,2,O
경기도,경기도 성남시,시흥동,O,X,X,-11.18,3.00,11.95,1.00,21.30,1,X
경기도,경기도 성남시,성남동,O,X,O,-9.03,4.00,-1.38,1.00,69.28,2,O
경기도,경기도 성남시,금광1동,O,O,O,-34.73,5.00,-11.63,2.00,92.22,3,O
경기도,경기도 성남시,금광2동,O,X,O,-22.73,5.00,-4.40,1.00,80.91,2,O
경기도,경기도 성남시,은행1동,O,O,O,-25.62,5.00,-15.48,2.00,84.36,3,O
경기도,경기도 성남시,은행2동,O,O,O,-38.68,5.00,-17.50,1.00,79.83,3,O
경기도,경기도 성남시,상대원1동,O,X,O,-22.25,5.00,5.73,0.00,72.23,2,O
경기도,경기도 성남시,상대원2동,O,X,O,-44.24,5.00,-2.83,1.00,92.98,2,O
경기도,경기도 성남시,상대원3동,O,O,O,-42.54,4.00,-9.67,2.00,90.42,3,O
경기도,경기도 성남시,하대원동,O,X,O,-4.37,4.00,0.66,1.00,70.39,2,O
경기도,경기도 성남시,도촌동,X,X,X,95.01,0.00,42.05,0.00,4.38,0,X
경기도,경기도 성남시,중앙동,O,O,O,-36.64,1.00,-15.99,4.00,85.67,3,O
경기도,경기도 성남시,분당동,O,X,O,-8.55,5.00,-0.50,0.00,56.80,2,O
경기도,경기도 성남시,수내3동,O,X,O,-7.17,5.00,0.20,2.00,59.13,2,O
경기도,경기도 성남시,수내1동,X,X,O,-5.48,2.00,13.54,0.00,67.63,1,X
경기도,경기도 성남시,수내2동,O,X,O,-12.50,4.00,-0.96,2.00,96.39,2,O
경기도,경기도 성남시,정자2동,O,X,O,-71.41,3.00,-4.74,1.00,91.89,2,O
경기도,경기도 성남시,정자3동,O,O,O,-1.44,5.00,-7.61,2.00,53.81,3,O
경기도,경기도 성남시,정자1동,O,X,O,-42.66,2.00,5.63,1.00,73.07,2,O
경기도,경기도 성남시,서현1동,X,X,X,-5.93,2.00,9.19,0.00,45.54,0,X
경기도,경기도 성남시,서현2동,O,X,O,-10.97,5.00,-1.24,1.00,67.99,2,O
경기도,경기도 성남시,이매1동,O,X,X,-8.65,5.00,0.87,1.00,44.85,1,X
경기도,경기도 성남시,이매2동,O,X,O,-13.45,5.00,-4.41,1.00,96.84,2,O
경기도,경기도 성남시,야탑1동,O,X,O,-10.18,5.00,3.69,1.00,67.01,2,O
경기도,경기도 성남시,야탑3동,O,X,O,-9.14,5.00,8.50,1.00,64.07,2,O
경기도,경기도 성남시,야탑2동,O,X,O,-17.00,4.00,0.19,1.00,85.36,2,O
경기도,경기도 성남시,구미동,O,X,O,-10.78,4.00,7.59,1.00,53.97,2,O
경기도,경기도 성남시,운중동,X,X,X,31.38,0.00,18.20,0.00,7.46,0,X
경기도,경기도 성남시,금곡동,O,X,X,-37.87,1.00,1.74,1.00,28.24,1,X
경기도,경기도 성남시,구미1동,X,X,O,-8.39,2.00,1.20,2.00,63.26,1,X
경기도,경기도 성남시,삼평동,X,X,X,26.96,2.00,25.60,0.00,0.00,0,X
경기도,경기도 성남시,판교동,X,X,X,-19.60,0.00,12.18,0.00,2.25,0,X
경기도,경기도 성남시,백현동,X,X,X,160.43,0.00,20.21,0.00,0.00,0,X
경기도,경기도 의정부시,의정부1동,X,O,O,-2.86,2.00,-4.62,3.00,82.58,2,O
경기도,경기도 의정부시,의정부2동,X,X,O,-4.40,1.00,3.64,1.00,73.55,1,X
경기도,경기도 의정부시,의정부3동,O,X,O,-20.97,3.00,-2.09,1.00,86.70,2,O
경기도,경기도 의정부시,호원1동,X,X,O,3.91,1.00,-0.95,1.00,51.35,1,X
경기도,경기도 의정부시,장암동,O,X,X,-6.65,5.00,15.77,1.00,47.95,1,X
경기도,경기도 의정부시,신곡1동,O,X,O,-7.18,5.00,-4.15,1.00,69.35,2,O
경기도,경기도 의정부시,신곡2동,O,X,X,-7.52,3.00,-1.30,1.00,40.51,1,X
경기도,경기도 의정부시,송산1동,O,X,O,-2.02,5.00,0.89,0.00,55.93,2,O
경기도,경기도 의정부시,자금동,O,X,O,-3.55,5.00,3.74,1.00,68.91,2,O
경기도,경기도 의정부시,가능1동,O,X,O,-31.57,4.00,-1.48,2.00,86.98,2,O
경기도,경기도 의정부시,가능2동,O,O,O,-34.32,4.00,-10.90,2.00,83.63,3,O
경기도,경기도 의정부시,가능3동,O,O,O,-26.79,5.00,-9.65,1.00,84.57,3,O
경기도,경기도 의정부시,녹양동,X,X,O,-0.33,2.00,-0.44,1.00,51.23,1,X
경기도,경기도 의정부시,호원2동,O,X,O,-2.96,4.00,4.36,1.00,55.31,2,O
경기도,경기도 의정부시,송산2동,X,X,X,31.74,0.00,5.02,0.00,6.59,0,X
경기도,경기도 안양시,안양1동,X,O,O,-5.40,2.00,-2.23,3.00,78.50,2,O
경기도,경기도 안양시,안양2동,O,X,O,-26.49,3.00,-0.43,1.00,76.48,2,O
경기도,경기도 안양시,안양3동,O,X,O,-51.84,5.00,-4.02,2.00,73.73,2,O
경기도,경기도 안양시,안양4동,O,O,O,-35.60,3.00,-13.76,2.00,79.23,3,O
경기도,경기도 안양시,안양5동,O,O,O,-24.79,2.00,-7.09,2.00,81.13,3,O
경기도,경기도 안양시,안양6동,O,X,O,-38.73,2.00,-0.63,1.00,75.93,2,O
경기도,경기도 안양시,안양7동,O,O,O,-85.46,4.00,-23.17,3.00,68.18,3,O
경기도,경기도 안양시,안양8동,O,X,O,-27.12,4.00,4.90,1.00,80.72,2,O
경기도,경기도 안양시,안양9동,O,O,O,-4.62,3.00,-8.74,2.00,66.34,3,O
경기도,경기도 안양시,석수1동,O,X,X,-0.29,3.00,-0.14,1.00,44.87,1,X
경기도,경기도 안양시,석수2동,X,X,O,-5.01,2.00,2.87,2.00,67.80,1,X
경기도,경기도 안양시,석수3동,O,O,O,-23.71,5.00,-7.78,1.00,82.99,3,O
경기도,경기도 안양시,박달1동,O,X,O,-23.36,3.00,-2.86,2.00,80.60,2,O
경기도,경기도 안양시,박달2동,X,X,O,-8.87,2.00,12.48,0.00,52.60,1,X
경기도,경기도 안양시,비산1동,X,X,O,-3.69,2.00,-2.38,1.00,67.65,1,X
경기도,경기도 안양시,비산2동,O,X,O,-47.41,5.00,0.66,1.00,66.76,2,O
경기도,경기도 안양시,비산3동,O,X,O,-17.50,5.00,0.00,1.00,77.90,2,O
경기도,경기도 안양시,부흥동,O,X,O,-21.71,5.00,2.79,0.00,87.96,2,O
경기도,경기도 안양시,달안동,O,X,O,-31.93,3.00,5.64,0.00,79.73,2,O
경기도,경기도 안양시,관양1동,O,X,O,14.69,3.00,7.15,1.00,70.57,2,O
경기도,경기도 안양시,관양2동,O,X,O,-21.61,4.00,13.57,0.00,67.29,2,O
경기도,경기도 안양시,부림동,O,X,O,-7.94,3.00,2.14,1.00,63.48,2,O
경기도,경기도 안양시,평촌동,O,X,X,-5.43,3.00,3.17,1.00,43.55,1,X
경기도,경기도 안양시,평안동,O,X,O,-13.59,5.00,3.55,1.00,88.20,2,O
경기도,경기도 안양시,귀인동,O,X,O,-6.01,5.00,-1.75,1.00,73.37,2,O
경기도,경기도 안양시,호계1동,O,X,O,-56.45,5.00,-0.88,2.00,81.50,2,O
경기도,경기도 안양시,호계2동,O,X,O,-6.38,5.00,0.26,1.00,72.85,2,O
경기도,경기도 안양시,호계3동,X,X,O,-2.09,2.00,1.38,0.00,65.40,1,X
경기도,경기도 안양시,범계동,O,X,O,-18.95,5.00,-0.63,1.00,77.33,2,O
경기도,경기도 안양시,신촌동,O,X,O,-13.22,5.00,-1.26,1.00,71.24,2,O
경기도,경기도 안양시,갈산동,O,X,X,-10.48,3.00,3.34,1.00,49.15,1,X
경기도,경기도 부천시,심곡1동,O,O,O,-60.76,2.00,-5.30,1.00,74.98,3,O
경기도,경기도 부천시,심곡2동,X,X,O,-5.60,1.00,0.29,2.00,67.58,1,X
경기도,경기도 부천시,심곡3동,O,O,O,-65.82,5.00,-15.47,2.00,80.66,3,O
경기도,경기도 부천시,원미1동,O,X,O,-19.51,3.00,-1.64,2.00,78.57,2,O
경기도,경기도 부천시,원미2동,O,O,O,-36.80,5.00,-13.59,3.00,86.01,3,O
경기도,경기도 부천시,소사동,O,O,O,-30.23,4.00,-10.18,3.00,78.49,3,O
경기도,경기도 부천시,역곡1동,X,X,X,-5.20,2.00,1.19,0.00,48.94,0,X
경기도,경기도 부천시,역곡2동,X,X,X,-0.09,1.00,4.40,1.00,45.27,0,X
경기도,경기도 부천시,춘의동,O,X,O,-32.92,4.00,-0.70,1.00,66.56,2,O
경기도,경기도 부천시,도당동,O,X,O,-13.95,5.00,1.13,1.00,66.70,2,O
경기도,경기도 부천시,약대동,X,O,O,-7.40,0.00,-17.44,0.00,58.82,2,O
경기도,경기도 부천시,중동,O,O,O,-25.66,3.00,-4.28,3.00,80.50,3,O
경기도,경기도 부천시,중1동,O,X,X,-11.83,3.00,14.72,0.00,42.82,1,X
경기도,경기도 부천시,중2동,X,X,O,-0.32,1.00,7.09,0.00,73.00,1,X
경기도,경기도 부천시,중3동,O,X,O,-32.44,3.00,-0.35,1.00,55.91,2,O
경기도,경기도 부천시,중4동,O,X,O,-21.10,4.00,1.75,0.00,80.80,2,O
경기도,경기도 부천시,상동,X,O,O,-16.64,2.00,-21.56,3.00,78.98,2,O
경기도,경기도 부천시,상1동,O,X,O,-19.71,5.00,-2.15,1.00,81.37,2,O
경기도,경기도 부천시,상2동,O,X,X,-3.10,5.00,2.44,0.00,0.00,1,X
경기도,경기도 부천시,상3동,O,X,X,-4.57,5.00,6.52,0.00,0.00,1,X
경기도,경기도 부천시,심곡본1동,X,O,O,-19.63,2.00,-8.08,4.00,78.28,2,O
경기도,경기도 부천시,심곡본동,O,X,O,-20.64,4.00,-4.64,1.00,82.12,2,O
경기도,경기도 부천시,소사본3동,O,X,O,-5.31,5.00,-4.29,2.00,84.21,2,O
경기도,경기도 부천시,범박동,X,O,X,6.22,1.00,-13.58,1.00,39.73,1,X
경기도,경기도 부천시,괴안동,O,X,O,-34.77,4.00,-1.27,2.00,65.77,2,O
경기도,경기도 부천시,역곡3동,O,X,O,-8.47,4.00,-1.37,1.00,53.37,2,O
경기도,경기도 부천시,송내1동,O,X,O,-3.96,5.00,-0.51,1.00,60.37,2,O
경기도,경기도 부천시,송내2동,O,O,O,-2.97,4.00,-12.26,1.00,69.02,3,O
경기도,경기도 부천시,소사본동,X,O,O,0.00,2.00,-16.14,2.00,80.25,2,O
경기도,경기도 부천시,성곡동,O,X,O,-2.61,5.00,4.01,1.00,55.58,2,O
경기도,경기도 부천시,원종1동,O,X,O,-14.99,4.00,-1.30,2.00,68.45,2,O
경기도,경기도 부천시,원종2동,O,O,O,-12.20,5.00,-14.82,3.00,77.03,3,O
경기도,경기도 부천시,고강본동,O,X,O,-35.86,5.00,0.00,0.00,74.89,2,O
경기도,경기도 부천시,고강1동,O,O,O,-13.47,4.00,-5.34,1.00,68.37,3,O
경기도,경기도 부천시,오정동,X,X,O,0.50,1.00,6.89,0.00,53.22,1,X
경기도,경기도 부천시,신흥동,O,X,O,-25.06,4.00,4.02,0.00,65.30,2,O
경기도,경기도 광명시,광명1동,O,X,O,-20.41,5.00,-3.97,1.00,84.06,2,O
경기도,경기도 광명시,광명2동,O,O,O,-24.77,5.00,-14.12,2.00,83.01,3,O
경기도,경기도 광명시,광명3동,O,O,O,-30.24,5.00,-5.65,3.00,85.64,3,O
경기도,경기도 광명시,광명4동,O,X,O,-17.63,5.00,-4.84,2.00,77.60,2,O
경기도,경기도 광명시,광명5동,O,X,O,-26.80,5.00,-3.51,1.00,74.41,2,O
경기도,경기도 광명시,광명6동,X,X,O,-18.56,2.00,1.67,0.00,65.01,1,X
경기도,경기도 광명시,광명7동,O,X,O,-15.81,5.00,1.11,1.00,76.41,2,O
경기도,경기도 광명시,철산1동,O,X,O,-5.42,5.00,-0.59,1.00,67.89,2,O
경기도,경기도 광명시,철산2동,O,X,O,-37.43,5.00,-2.72,1.00,93.69,2,O
경기도,경기도 광명시,철산3동,O,X,O,-8.45,4.00,0.52,1.00,76.95,2,O
경기도,경기도 광명시,철산4동,O,X,O,-18.20,5.00,0.67,1.00,81.58,2,O
경기도,경기도 광명시,하안1동,O,X,O,-10.49,3.00,3.44,0.00,62.96,2,O
경기도,경기도 광명시,하안2동,O,X,O,-71.37,5.00,0.47,2.00,97.26,2,O
경기도,경기도 광명시,하안3동,O,X,O,-25.63,5.00,-2.60,2.00,86.47,2,O
경기도,경기도 광명시,하안4동,O,O,O,-17.24,5.00,-6.96,2.00,94.37,3,O
경기도,경기도 광명시,소하1동,X,X,X,24.71,1.00,2.64,0.00,34.19,0,X
경기도,경기도 광명시,소하2동,X,X,O,37.93,1.00,30.69,1.00,63.00,1,X
경기도,경기도 광명시,학온동,O,X,X,-55.11,5.00,16.58,1.00,32.51,1,X
경기도,경기도 평택시,팽성읍,O,X,X,-15.08,3.00,-3.01,1.00,30.62,1,X
경기도,경기도 평택시,안중읍,X,X,X,3.45,1.00,5.55,0.00,29.31,0,X
경기도,경기도 평택시,포승읍,X,X,X,8.47,2.00,10.64,0.00,18.64,0,X
경기도,경기도 평택시,진위면,O,X,X,-18.03,5.00,20.34,0.00,31.99,1,X
경기도,경기도 평택시,서탄면,O,X,X,-44.60,2.00,16.20,0.00,21.11,1,X
경기도,경기도 평택시,고덕면,O,O,X,-20.76,5.00,-27.32,3.00,30.52,2,O
경기도,경기도 평택시,오성면,O,X,X,-56.75,0.00,23.73,1.00,23.96,1,X
경기도,경기도 평택시,청북면,X,X,X,113.65,0.00,29.60,1.00,12.97,0,X
경기도,경기도 평택시,현덕면,O,X,X,-49.38,5.00,0.59,2.00,28.71,1,X
경기도,경기도 평택시,중앙동,X,O,X,-4.80,2.00,-6.79,3.00,38.17,1,X
경기도,경기도 평택시,서정동,O,O,O,-12.83,5.00,-6.76,2.00,72.26,3,O
경기도,경기도 평택시,송탄동,X,X,X,75.05,1.00,14.87,0.00,27.42,0,X
경기도,경기도 평택시,지산동,X,O,O,-10.82,0.00,-26.83,1.00,65.38,2,O
경기도,경기도 평택시,송북동,X,X,X,-1.55,1.00,-3.69,1.00,46.61,0,X
경기도,경기도 평택시,신장1동,O,O,O,-34.06,1.00,-20.41,2.00,60.58,3,O
경기도,경기도 평택시,신장2동,O,O,O,-55.44,5.00,-36.54,3.00,83.33,3,O
경기도,경기도 평택시,신평동,X,X,O,9.19,1.00,0.94,1.00,53.32,1,X
경기도,경기도 평택시,원평동,O,X,X,-15.67,3.00,0.15,1.00,46.99,1,X
경기도,경기도 평택시,통복동,O,O,O,-49.03,5.00,-21.77,2.00,79.43,3,O
경기도,경기도 평택시,비전1동,X,X,X,86.78,0.00,1.31,1.00,26.06,0,X
경기도,경기도 평택시,비전2동,X,X,O,15.37,1.00,1.16,0.00,50.76,1,X
경기도,경기도 평택시,세교동,O,O,X,-12.89,5.00,-5.59,1.00,44.31,2,O
경기도,경기도 동두천시,생연1동,X,O,O,-15.06,2.00,-15.53,5.00,74.76,2,O
경기도,경기도 동두천시,생연2동,O,O,O,-5.57,5.00,-11.19,3.00,73.20,3,O
경기도,경기도 동두천시,중앙동,O,O,O,-34.29,5.00,-23.04,3.00,79.97,3,O
경기도,경기도 동두천시,보산동,O,O,O,-49.59,2.00,-17.43,5.00,75.87,3,O
경기도,경기도 동두천시,불현동,O,X,O,-32.00,0.00,4.68,1.00,55.99,2,O
경기도,경기도 동두천시,소요동,X,X,O,-10.84,1.00,0.57,1.00,52.23,1,X
경기도,경기도 동두천시,상패동,O,X,O,-34.30,5.00,6.27,2.00,55.87,2,O
경기도,경기도 동두천시,송내동,X,X,X,2.99,0.00,4.87,0.00,15.42,0,X
경기도,경기도 안산시,일동,O,X,X,-26.73,1.00,2.72,1.00,35.45,1,X
경기도,경기도 안산시,사1동,O,X,X,-20.24,1.00,-2.00,2.00,26.13,1,X
경기도,경기도 안산시,사2동,X,O,X,-0.87,1.00,-2.79,3.00,42.75,1,X
경기도,경기도 안산시,본오1동,X,X,X,2.33,1.00,-3.34,1.00,38.69,0,X
경기도,경기도 안산시,본오2동,O,O,X,-27.08,5.00,-7.70,1.00,43.15,2,O
경기도,경기도 안산시,본오3동,O,X,O,-9.34,4.00,1.89,0.00,50.27,2,O
경기도,경기도 안산시,부곡동,X,X,X,5.83,0.00,-1.85,1.00,37.88,0,X
경기도,경기도 안산시,월피동,O,X,X,-0.96,5.00,3.31,1.00,41.44,1,X
경기도,경기도 안산시,성포동,O,X,O,-20.77,5.00,-2.50,1.00,85.38,2,O
경기도,경기도 안산시,반월동,O,X,X,-37.87,4.00,4.10,0.00,44.42,1,X
경기도,경기도 안산시,안산동,X,X,X,9.33,2.00,11.81,0.00,29.45,0,X
경기도,경기도 안산시,이동,X,X,X,-0.31,1.00,3.27,1.00,21.52,0,X
경기도,경기도 안산시,사3동,O,X,X,-6.48,3.00,10.34,2.00,12.18,1,X
경기도,경기도 안산시,와동,O,X,X,-1.99,3.00,-2.36,2.00,49.86,1,X
경기도,경기도 안산시,고잔1동,O,X,O,-31.87,5.00,-3.14,1.00,69.34,2,O
경기도,경기도 안산시,고잔2동,O,X,O,-18.90,5.00,3.81,1.00,62.08,2,O
경기도,경기도 안산시,원곡본동,X,X,X,6.29,2.00,14.40,0.00,35.10,0,X
경기도,경기도 안산시,원곡1동,O,O,O,-67.16,5.00,-16.70,2.00,66.75,3,O
경기도,경기도 안산시,원곡2동,O,O,X,-6.08,5.00,-9.62,3.00,13.16,2,O
경기도,경기도 안산시,초지동,O,X,X,-5.68,5.00,7.58,0.00,32.55,1,X
경기도,경기도 안산시,선부1동,O,X,O,-37.50,5.00,4.35,2.00,87.56,2,O
경기도,경기도 안산시,선부2동,O,X,O,-23.42,5.00,0.07,1.00,62.86,2,O
경기도,경기도 안산시,선부3동,O,X,O,-13.15,5.00,3.69,0.00,58.25,2,O
경기도,경기도 안산시,대부동,X,X,X,21.92,0.00,3.30,0.00,37.84,0,X
경기도,경기도 안산시,호수동,O,X,X,-1.45,4.00,4.38,1.00,0.50,1,X
경기도,경기도 고양시,주교동,O,O,O,-12.32,5.00,-7.13,2.00,65.49,3,O
경기도,경기도 고양시,원신동,O,X,X,-73.77,0.00,39.53,1.00,20.50,1,X
경기도,경기도 고양시,흥도동,X,X,X,393.88,0.00,72.37,1.00,6.75,0,X
경기도,경기도 고양시,성사1동,O,X,O,-1.26,4.00,-1.22,1.00,65.59,2,O
경기도,경기도 고양시,성사2동,O,X,X,-20.06,5.00,-0.27,1.00,43.71,1,X
경기도,경기도 고양시,효자동,O,O,X,-77.85,4.00,-64.78,2.00,40.26,2,O
경기도,경기도 고양시,신도동,O,X,X,-54.26,0.00,7.04,0.00,49.81,1,X
경기도,경기도 고양시,창릉동,X,X,X,29.18,0.00,18.70,0.00,25.05,0,X
경기도,경기도 고양시,고양동,O,X,X,0.83,4.00,6.71,0.00,35.60,1,X
경기도,경기도 고양시,관산동,X,X,X,25.45,0.00,3.84,1.00,24.37,0,X
경기도,경기도 고양시,능곡동,O,X,X,-4.82,4.00,10.24,1.00,40.00,1,X
경기도,경기도 고양시,화정1동,O,X,O,-12.50,5.00,3.82,0.00,55.73,2,O
경기도,경기도 고양시,화정2동,O,X,X,-8.77,5.00,-0.66,1.00,43.70,1,X
경기도,경기도 고양시,행주동,O,X,O,-12.09,5.00,1.08,1.00,58.93,2,O
경기도,경기도 고양시,행신1동,O,X,O,-63.59,5.00,-0.40,1.00,64.08,2,O
경기도,경기도 고양시,행신2동,O,X,O,-14.92,5.00,3.92,1.00,52.25,2,O
경기도,경기도 고양시,화전동,O,O,X,-80.37,2.00,-41.21,3.00,20.37,2,O
경기도,경기도 고양시,대덕동,O,X,X,-31.71,4.00,23.71,0.00,13.03,1,X
경기도,경기도 고양시,행신3동,O,X,X,-5.29,5.00,-2.02,1.00,20.22,1,X
경기도,경기도 고양시,식사동,X,X,X,236.35,0.00,14.57,0.00,18.70,0,X
경기도,경기도 고양시,중산동,O,X,X,-0.82,4.00,4.63,0.00,34.67,1,X
경기도,경기도 고양시,정발산동,O,X,X,-10.24,5.00,0.61,2.00,43.37,1,X
경기도,경기도 고양시,풍산동,X,X,X,0.86,2.00,10.35,1.00,15.55,0,X
경기도,경기도 고양시,백석1동,O,X,O,-5.34,4.00,16.94,0.00,59.52,2,O
경기도,경기도 고양시,마두1동,O,X,O,-11.33,5.00,-0.65,1.00,50.39,2,O
경기도,경기도 고양시,마두2동,O,X,O,-48.42,5.00,7.89,0.00,87.16,2,O
경기도,경기도 고양시,장항1동,O,X,X,-33.94,3.00,17.77,1.00,33.89,1,X
경기도,경기도 고양시,장항2동,X,X,X,-6.41,1.00,8.95,0.00,27.85,0,X
경기도,경기도 고양시,고봉동,X,X,X,30.27,0.00,13.77,0.00,7.45,0,X
경기도,경기도 고양시,백석2동,O,X,O,-4.72,3.00,11.60,0.00,51.81,2,O
경기도,경기도 고양시,일산1동,O,X,X,-46.83,1.00,1.58,1.00,37.43,1,X
경기도,경기도 고양시,일산2동,O,X,O,-45.28,4.00,0.55,1.00,53.84,2,O
경기도,경기도 고양시,일산3동,O,X,O,-14.83,5.00,0.39,1.00,85.82,2,O
경기도,경기도 고양시,탄현동,X,X,X,14.22,1.00,7.60,0.00,27.12,0,X
경기도,경기도 고양시,주엽1동,O,X,O,-28.67,5.00,-4.38,2.00,88.68,2,O
경기도,경기도 고양시,주엽2동,O,X,O,-28.22,5.00,2.97,0.00,79.57,2,O
경기도,경기도 고양시,대화동,O,X,X,-9.35,3.00,7.02,0.00,38.68,1,X
경기도,경기도 고양시,송포동,O,X,X,-2.87,4.00,4.61,0.00,17.79,1,X
경기도,경기도 고양시,송산동,X,X,X,54.67,0.00,6.68,0.00,13.07,0,X
경기도,경기도 과천시,중앙동,O,X,O,-13.22,5.00,-0.88,1.00,74.75,2,O
경기도,경기도 과천시,갈현동,O,X,X,-11.45,3.00,1.02,0.00,30.84,1,X
경기도,경기도 과천시,별양동,O,O,O,-15.82,5.00,-10.86,3.00,82.93,3,O
경기도,경기도 과천시,부림동,O,O,O,-17.80,5.00,-5.33,3.00,94.44,3,O
경기도,경기도 과천시,과천동,X,X,X,0.91,0.00,7.19,0.00,28.48,0,X
경기도,경기도 과천시,문원동,X,X,O,-9.29,1.00,3.75,2.00,59.64,1,X
경기도,경기도 구리시,갈매동,O,O,X,-77.98,4.00,-21.59,3.00,37.81,2,O
경기도,경기도 구리시,동구동,O,X,X,-2.44,5.00,10.84,0.00,36.88,1,X
경기도,경기도 구리시,인창동,O,X,O,-3.62,3.00,3.67,0.00,67.00,2,O
경기도,경기도 구리시,교문1동,O,X,O,-13.30,5.00,1.72,0.00,69.27,2,O
경기도,경기도 구리시,교문2동,O,X,O,-8.52,5.00,2.76,1.00,86.08,2,O
경기도,경기도 구리시,수택1동,O,X,O,-9.89,5.00,0.60,0.00,83.62,2,O
경기도,경기도 구리시,수택2동,O,O,O,-5.48,3.00,-5.38,3.00,85.20,3,O
경기도,경기도 구리시,수택3동,O,X,X,-7.49,3.00,4.21,0.00,17.51,1,X
경기도,경기도 남양주시,와부읍,O,X,X,-1.15,5.00,4.39,1.00,35.03,1,X
경기도,경기도 남양주시,진접읍,X,X,X,13.47,1.00,11.97,0.00,25.46,0,X
경기도,경기도 남양주시,화도읍,X,X,X,17.43,0.00,3.37,0.00,35.91,0,X
경기도,경기도 남양주시,진건읍,O,X,X,-14.06,5.00,18.26,0.00,24.58,1,X
경기도,경기도 남양주시,오남읍,O,X,X,1.29,4.00,9.34,0.00,25.67,1,X
경기도,경기도 남양주시,별내면,O,X,X,-28.32,5.00,6.51,0.00,20.45,1,X
경기도,경기도 남양주시,퇴계원면,X,X,O,12.64,1.00,0.92,1.00,58.65,1,X
경기도,경기도 남양주시,수동면,X,X,X,20.85,0.00,13.37,0.00,20.76,0,X
경기도,경기도 남양주시,조안면,X,X,X,-1.57,1.00,22.83,1.00,28.52,0,X
경기도,경기도 남양주시,호평동,X,X,X,29.51,0.00,3.78,0.00,13.13,0,X
경기도,경기도 남양주시,평내동,O,X,X,1.41,3.00,2.18,0.00,23.63,1,X
경기도,경기도 남양주시,금곡동,O,X,O,-11.28,5.00,1.37,1.00,56.35,2,O
경기도,경기도 남양주시,양정동,O,X,X,-33.96,5.00,25.12,0.00,24.87,1,X
경기도,경기도 남양주시,지금동,O,O,X,-10.16,4.00,-11.08,3.00,31.01,2,O
경기도,경기도 남양주시,도농동,X,O,O,2.07,1.00,-9.33,2.00,64.26,2,O
경기도,경기도 남양주시,별내동,X,X,X,0.00,0.00,58.89,0.00,8.05,0,X
경기도,경기도 오산시,중앙동,O,X,O,-8.56,4.00,-0.83,0.00,60.33,2,O
경기도,경기도 오산시,대원동,X,X,X,8.48,1.00,0.62,0.00,47.93,0,X
경기도,경기도 오산시,남촌동,O,X,X,-5.75,4.00,5.63,0.00,33.27,1,X
경기도,경기도 오산시,신장동,X,X,X,38.61,1.00,5.53,0.00,38.90,0,X
경기도,경기도 오산시,세마동,X,X,X,59.39,0.00,21.93,0.00,23.86,0,X
경기도,경기도 오산시,초평동,O,X,X,-1.07,4.00,-1.23,1.00,42.52,1,X
경기도,경기도 시흥시,대야동,O,X,O,-10.82,5.00,-3.34,1.00,52.02,2,O
경기도,경기도 시흥시,신천동,O,X,O,-4.21,4.00,0.43,1.00,60.55,2,O
경기도,경기도 시흥시,신현동,O,X,X,-11.68,5.00,17.16,0.00,24.94,1,X
경기도,경기도 시흥시,은행동,O,O,X,-7.76,5.00,-8.21,1.00,35.46,2,O
경기도,경기도 시흥시,매화동,O,X,X,-2.52,3.00,12.22,0.00,25.36,1,X
경기도,경기도 시흥시,목감동,O,X,X,-3.23,3.00,3.19,2.00,23.18,1,X
경기도,경기도 시흥시,과림동,O,X,X,-28.92,5.00,4.37,0.00,22.50,1,X
경기도,경기도 시흥시,정왕2동,O,X,X,-49.53,5.00,4.11,1.00,17.01,1,X
경기도,경기도 시흥시,정왕3동,O,X,X,-0.69,3.00,2.10,1.00,20.89,1,X
경기도,경기도 시흥시,정왕4동,X,O,X,21.83,2.00,-7.13,2.00,14.46,1,X
경기도,경기도 시흥시,정왕본동,X,X,X,-2.44,2.00,-1.38,1.00,8.61,0,X
경기도,경기도 시흥시,정왕1동,O,X,X,-25.33,5.00,3.67,0.00,20.14,1,X
경기도,경기도 시흥시,능곡동,X,X,X,6.70,2.00,22.39,0.00,7.60,0,X
경기도,경기도 시흥시,군자동,O,X,X,-38.95,3.00,6.31,1.00,19.31,1,X
경기도,경기도 시흥시,월곶동,X,X,X,0.00,2.00,13.97,0.00,7.59,0,X
경기도,경기도 시흥시,연성동,O,X,X,-45.55,5.00,8.73,1.00,5.87,1,X
경기도,경기도 시흥시,장곡동,X,X,X,0.00,2.00,-3.39,2.00,1.89,0,X
경기도,경기도 군포시,군포1동,O,X,O,-0.95,3.00,2.74,0.00,65.39,2,O
경기도,경기도 군포시,군포2동,X,X,X,21.98,1.00,7.37,0.00,18.86,0,X
경기도,경기도 군포시,산본1동,O,X,O,-24.99,5.00,-1.54,1.00,75.25,2,O
경기도,경기도 군포시,산본2동,O,X,O,-0.81,3.00,-0.65,1.00,70.94,2,O
경기도,경기도 군포시,금정동,O,X,O,-39.37,4.00,-4.78,2.00,73.88,2,O
경기도,경기도 군포시,재궁동,O,X,O,-24.25,5.00,-4.38,2.00,87.20,2,O
경기도,경기도 군포시,오금동,O,O,O,-16.85,5.00,-5.45,2.00,81.74,3,O
경기도,경기도 군포시,수리동,O,X,O,-21.67,5.00,-0.43,1.00,82.61,2,O
경기도,경기도 군포시,궁내동,O,X,O,-11.88,5.00,-0.55,1.00,95.59,2,O
경기도,경기도 군포시,광정동,O,X,O,-8.44,5.00,0.30,1.00,83.05,2,O
경기도,경기도 군포시,대야동,X,X,X,3.24,1.00,0.25,2.00,36.61,0,X
경기도,경기도 의왕시,고천동,O,X,O,-14.22,4.00,3.60,0.00,62.55,2,O
경기도,경기도 의왕시,부곡동,O,X,O,-9.98,4.00,2.76,0.00,53.93,2,O
경기도,경기도 의왕시,오전동,O,X,O,-8.08,5.00,0.20,0.00,60.00,2,O
경기도,경기도 의왕시,내손1동,O,X,X,-24.27,3.00,0.00,1.00,14.46,1,X
경기도,경기도 의왕시,내손2동,O,X,O,15.64,3.00,0.11,0.00,83.87,2,O
경기도,경기도 의왕시,청계동,X,X,X,84.60,0.00,34.54,0.00,20.69,0,X
경기도,경기도 하남시,천현동,X,X,X,0.01,1.00,4.61,0.00,22.38,0,X
경기도,경기도 하남시,신장1동,O,O,O,-28.44,5.00,-6.52,3.00,87.40,3,O
경기도,경기도 하남시,신장2동,O,X,O,-2.40,3.00,2.05,1.00,65.02,2,O
경기도,경기도 하남시,덕풍1동,O,O,O,-3.88,4.00,-11.43,2.00,76.28,3,O
경기도,경기도 하남시,덕풍2동,O,X,O,-4.13,5.00,-2.52,2.00,85.27,2,O
경기도,경기도 하남시,덕풍3동,X,X,X,3.83,1.00,6.48,0.00,45.48,0,X
경기도,경기도 하남시,감북동,O,X,X,-55.28,3.00,1.71,0.00,25.87,1,X
경기도,경기도 하남시,춘궁동,X,X,X,-19.16,2.00,29.49,0.00,14.16,0,X
경기도,경기도 하남시,초이동,O,X,X,-52.91,2.00,17.91,0.00,15.38,1,X
경기도,경기도 하남시,풍산동,O,O,X,-92.41,3.00,-55.64,4.00,21.80,2,O
경기도,경기도 하남시,미사1동,X,O,X,0.00,0.00,-50.86,5.00,21.72,1,X
경기도,경기도 하남시,미사2동,X,O,X,0.00,0.00,-81.78,4.00,40.00,1,X
경기도,경기도 용인시,포곡읍,X,X,X,8.87,0.00,10.49,0.00,32.86,0,X
경기도,경기도 용인시,모현면,X,X,X,30.69,0.00,14.68,0.00,29.29,0,X
경기도,경기도 용인시,남사면,O,X,X,-19.57,3.00,18.09,0.00,28.81,1,X
경기도,경기도 용인시,이동면,O,X,X,8.50,3.00,17.45,2.00,32.98,1,X
경기도,경기도 용인시,원삼면,X,X,X,-6.39,1.00,19.01,1.00,33.45,0,X
경기도,경기도 용인시,백암면,O,X,X,-1.36,5.00,8.68,0.00,39.11,1,X
경기도,경기도 용인시,양지면,X,X,X,34.53,0.00,12.28,1.00,27.73,0,X
경기도,경기도 용인시,중앙동,O,X,O,4.91,3.00,-1.37,1.00,56.45,2,O
경기도,경기도 용인시,역삼동,X,X,X,12.62,1.00,3.47,2.00,44.87,0,X
경기도,경기도 용인시,유림동,X,X,X,-0.44,1.00,3.46,0.00,40.14,0,X
경기도,경기도 용인시,동부동,X,X,X,6.55,1.00,2.93,1.00,38.34,0,X
경기도,경기도 용인시,구갈동,O,X,X,1.95,4.00,3.41,0.00,27.94,1,X
경기도,경기도 용인시,상갈동,X,X,X,0.26,1.00,4.11,0.00,19.35,0,X
경기도,경기도 용인시,기흥동,X,X,X,24.61,0.00,5.62,0.00,25.04,0,X
경기도,경기도 용인시,서농동,X,X,X,52.88,0.00,17.78,0.00,14.13,0,X
경기도,경기도 용인시,구성동,X,X,X,10.32,1.00,10.67,1.00,10.53,0,X
경기도,경기도 용인시,마북동,X,X,X,5.82,1.00,1.91,1.00,27.47,0,X
경기도,경기도 용인시,동백동,X,X,X,21.36,0.00,13.62,0.00,4.28,0,X
경기도,경기도 용인시,보정동,X,X,X,6.83,1.00,4.84,0.00,8.55,0,X
경기도,경기도 용인시,상하동,X,X,X,3.92,0.00,7.42,0.00,21.66,0,X
경기도,경기도 용인시,신갈동,O,X,X,-23.61,1.00,3.42,1.00,47.43,1,X
경기도,경기도 용인시,영덕동,X,X,X,20.74,0.00,16.61,0.00,10.48,0,X
경기도,경기도 용인시,풍덕천1동,X,X,O,-4.98,1.00,6.61,2.00,65.18,1,X
경기도,경기도 용인시,풍덕천2동,O,X,X,0.66,3.00,-3.29,1.00,0.66,1,X
경기도,경기도 용인시,신봉동,X,X,X,28.66,0.00,5.94,0.00,4.68,0,X
경기도,경기도 용인시,죽전1동,O,X,X,-0.02,3.00,0.15,0.00,3.68,1,X
경기도,경기도 용인시,죽전2동,O,X,X,-3.18,4.00,-1.57,1.00,4.94,1,X
경기도,경기도 용인시,동천동,X,X,X,10.33,0.00,8.42,0.00,6.90,0,X
경기도,경기도 용인시,상현1동,X,X,X,38.73,1.00,18.62,0.00,3.09,0,X
경기도,경기도 용인시,상현2동,X,X,X,-2.86,2.00,-1.64,1.00,0.00,0,X
경기도,경기도 용인시,성복동,X,X,X,29.80,1.00,5.36,0.00,4.24,0,X
경기도,경기도 파주시,문산읍,X,X,X,25.00,1.00,6.32,0.00,27.53,0,X
경기도,경기도 파주시,파주읍,O,X,X,-38.77,3.00,4.83,1.00,29.78,1,X
경기도,경기도 파주시,법원읍,O,X,X,-43.95,5.00,-4.31,1.00,29.31,1,X
경기도,경기도 파주시,조리읍,X,X,X,0.58,1.00,8.76,0.00,20.89,0,X
경기도,경기도 파주시,진동면,X,X,X,0.00,2.00,100.00,0.00,0.00,0,X
경기도,경기도 파주시,장단면,O,X,X,0.00,3.00,0.00,0.00,0.00,1,X
경기도,경기도 파주시,월롱면,O,X,X,5.99,5.00,10.33,1.00,16.16,1,X
경기도,경기도 파주시,탄현면,X,X,X,7.13,1.00,10.82,0.00,13.33,0,X
경기도,경기도 파주시,광탄면,O,X,X,-10.56,4.00,11.34,0.00,17.85,1,X
경기도,경기도 파주시,파평면,O,X,X,-51.56,5.00,3.27,2.00,27.19,1,X
경기도,경기도 파주시,적성면,O,X,X,-31.94,4.00,-4.23,1.00,25.71,1,X
경기도,경기도 파주시,군내면,X,O,X,-17.73,0.00,-8.00,1.00,13.38,1,X
경기도,경기도 파주시,금촌2동,O,X,X,-29.76,2.00,-1.75,2.00,1.64,1,X
경기도,경기도 파주시,금촌1동,O,O,X,-38.32,1.00,-4.39,3.00,37.85,2,O
경기도,경기도 파주시,금촌3동,X,X,X,0.00,1.00,0.55,0.00,20.59,0,X
경기도,경기도 파주시,교하동,O,X,X,-61.78,2.00,4.76,0.00,5.47,1,X
경기도,경기도 파주시,운정1동,X,X,X,0.00,0.00,16.13,0.00,7.16,0,X
경기도,경기도 파주시,운정2동,X,O,X,0.00,0.00,-13.93,0.00,0.00,1,X
경기도,경기도 파주시,운정3동,X,X,X,0.00,0.00,15.68,0.00,3.56,0,X
경기도,경기도 이천시,장호원읍,O,X,X,-25.09,1.00,-3.28,1.00,44.17,1,X
경기도,경기도 이천시,부발읍,X,X,X,-4.37,1.00,5.04,0.00,34.01,0,X
경기도,경기도 이천시,신둔면,X,X,X,13.52,2.00,11.96,0.00,31.54,0,X
경기도,경기도 이천시,백사면,X,X,X,-1.57,2.00,9.98,0.00,22.50,0,X
경기도,경기도 이천시,호법면,X,X,X,-2.66,0.00,1.69,0.00,29.45,0,X
경기도,경기도 이천시,마장면,X,X,X,16.77,1.00,9.95,0.00,30.60,0,X
경기도,경기도 이천시,대월면,O,X,X,-18.66,3.00,10.95,0.00,29.99,1,X
경기도,경기도 이천시,모가면,O,X,X,-29.06,5.00,17.68,1.00,26.50,1,X
경기도,경기도 이천시,설성면,O,X,X,-32.28,4.00,17.11,1.00,26.22,1,X
경기도,경기도 이천시,율면,O,X,X,-48.24,2.00,15.38,1.00,32.65,1,X
경기도,경기도 이천시,창전동,O,X,O,-59.10,5.00,-1.65,2.00,77.10,2,O
경기도,경기도 이천시,중리동,X,X,X,7.30,2.00,-0.29,1.00,46.72,0,X
경기도,경기도 이천시,관고동,X,X,O,-10.16,2.00,-1.42,1.00,52.28,1,X
경기도,경기도 이천시,증포동,X,X,X,6.87,0.00,1.04,1.00,20.68,0,X
경기도,경기도 안성시,공도읍,X,X,X,11.61,2.00,8.46,0.00,37.41,0,X
경기도,경기도 안성시,보개면,O,X,X,-40.13,4.00,8.66,0.00,34.23,1,X
경기도,경기도 안성시,금광면,O,X,X,-2.36,3.00,6.91,0.00,38.96,1,X
경기도,경기도 안성시,서운면,O,X,X,-38.37,4.00,0.78,0.00,46.50,1,X
경기도,경기도 안성시,미양면,X,X,X,-8.83,2.00,3.58,0.00,44.38,0,X
경기도,경기도 안성시,대덕면,O,X,X,-11.64,4.00,1.92,0.00,33.75,1,X
경기도,경기도 안성시,양성면,X,X,X,-14.46,1.00,5.47,0.00,35.49,0,X
경기도,경기도 안성시,원곡면,X,X,X,8.62,1.00,4.99,0.00,27.70,0,X
경기도,경기도 안성시,일죽면,O,X,X,-17.82,5.00,0.66,2.00,38.18,1,X
경기도,경기도 안성시,죽산면,X,X,X,3.13,1.00,0.58,0.00,43.06,0,X
경기도,경기도 안성시,삼죽면,O,O,X,-25.46,3.00,-9.26,1.00,37.28,2,O
경기도,경기도 안성시,고삼면,O,O,X,-37.72,2.00,-19.46,1.00,35.52,2,O
경기도,경기도 안성시,안성1동,O,X,O,-13.61,5.00,4.07,1.00,69.30,2,O
경기도,경기도 안성시,안성2동,O,X,O,4.77,5.00,3.29,0.00,54.29,2,O
경기도,경기도 안성시,안성3동,O,O,O,-7.00,5.00,-6.01,2.00,62.00,3,O
경기도,경기도 김포시,통진읍,X,X,X,9.05,2.00,9.23,0.00,20.27,0,X
경기도,경기도 김포시,고촌읍,X,X,X,7.68,1.00,14.02,0.00,22.00,0,X
경기도,경기도 김포시,양촌읍,X,X,X,48.45,0.00,19.83,1.00,13.73,0,X
경기도,경기도 김포시,대곶면,O,X,X,12.28,4.00,11.56,0.00,13.39,1,X
경기도,경기도 김포시,월곶면,O,X,X,-10.08,3.00,16.37,1.00,23.45,1,X
경기도,경기도 김포시,하성면,O,X,X,-15.46,3.00,1.99,0.00,22.44,1,X
경기도,경기도 김포시,김포1동,X,X,X,11.67,2.00,5.14,0.00,35.11,0,X
경기도,경기도 김포시,사우동,X,X,X,-5.31,2.00,0.99,1.00,35.51,0,X
경기도,경기도 김포시,풍무동,X,X,X,11.99,0.00,4.36,1.00,28.26,0,X
경기도,경기도 김포시,장기동,X,X,X,0.00,0.00,25.77,0.00,4.75,0,X
경기도,경기도 김포시,김포2동,X,X,X,16.24,1.00,33.57,0.00,14.58,0,X
경기도,경기도 김포시,구래동,X,O,X,0.00,0.00,-32.09,1.00,3.53,1,X
경기도,경기도 화성시,봉담읍,X,X,X,7.20,0.00,5.17,0.00,25.31,0,X
경기도,경기도 화성시,우정읍,X,X,X,-5.84,1.00,13.78,0.00,37.41,0,X
경기도,경기도 화성시,향남읍,X,X,X,31.69,0.00,13.13,0.00,21.64,0,X
경기도,경기도 화성시,남양읍,X,X,X,13.48,0.00,15.37,0.00,23.23,0,X
경기도,경기도 화성시,매송면,O,X,X,-12.24,5.00,2.28,0.00,48.99,1,X
경기도,경기도 화성시,비봉면,O,X,X,-12.88,5.00,10.07,0.00,36.96,1,X
경기도,경기도 화성시,마도면,X,X,X,6.67,0.00,21.09,0.00,19.26,0,X
경기도,경기도 화성시,송산면,O,X,X,-16.36,3.00,21.38,0.00,43.28,1,X
경기도,경기도 화성시,서신면,X,X,X,-12.91,1.00,18.34,0.00,30.53,0,X
경기도,경기도 화성시,팔탄면,X,X,X,7.76,2.00,12.48,0.00,15.50,0,X
경기도,경기도 화성시,장안면,O,X,X,-17.55,5.00,20.60,0.00,24.89,1,X
경기도,경기도 화성시,양감면,O,X,X,-25.54,3.00,24.36,0.00,24.74,1,X
경기도,경기도 화성시,정남면,O,X,X,0.28,5.00,9.62,0.00,22.14,1,X
경기도,경기도 화성시,동탄면,O,O,X,-80.29,2.00,-34.32,2.00,15.06,2,O
경기도,경기도 화성시,진안동,X,X,X,1.87,1.00,2.79,0.00,17.75,0,X
경기도,경기도 화성시,병점1동,X,X,X,2.87,1.00,3.49,1.00,28.57,0,X
경기도,경기도 화성시,병점2동,O,X,X,-1.53,3.00,1.91,1.00,2.33,1,X
경기도,경기도 화성시,반월동,X,X,X,29.11,1.00,0.06,0.00,11.38,0,X
경기도,경기도 화성시,기배동,X,X,X,-0.09,2.00,2.31,0.00,30.17,0,X
경기도,경기도 화성시,화산동,O,X,X,0.11,3.00,0.46,1.00,42.76,1,X
경기도,경기도 화성시,동탄2동,X,X,X,12.63,1.00,5.00,0.00,0.30,0,X
경기도,경기도 화성시,동탄1동,X,X,X,16.33,1.00,7.68,0.00,1.77,0,X
경기도,경기도 화성시,동탄3동,X,X,X,12.88,1.00,9.27,0.00,0.12,0,X
경기도,경기도 광주시,오포읍,X,X,X,55.41,0.00,11.21,0.00,16.30,0,X
경기도,경기도 광주시,초월읍,X,X,X,17.92,0.00,9.78,0.00,21.98,0,X
경기도,경기도 광주시,곤지암읍,X,X,X,2.31,2.00,7.02,1.00,32.13,0,X
경기도,경기도 광주시,도척면,X,X,X,13.76,2.00,9.87,0.00,27.53,0,X
경기도,경기도 광주시,퇴촌면,X,X,X,31.08,0.00,0.68,1.00,26.05,0,X
경기도,경기도 광주시,남종면,O,X,X,-41.70,4.00,3.33,1.00,22.49,1,X
경기도,경기도 광주시,중부면,O,X,X,-51.47,1.00,8.08,1.00,26.22,1,X
경기도,경기도 광주시,경안동,X,X,O,6.00,2.00,2.61,0.00,58.90,1,X
경기도,경기도 광주시,송정동,X,X,X,45.10,0.00,6.00,0.00,24.73,0,X
경기도,경기도 광주시,광남동,X,X,X,39.89,0.00,9.82,0.00,19.59,0,X
경기도,경기도 양주시,백석읍,O,X,X,0.81,5.00,3.24,1.00,33.12,1,X
경기도,경기도 양주시,은현면,O,X,X,-27.56,5.00,11.79,0.00,36.18,1,X
경기도,경기도 양주시,남면,O,X,X,-20.47,2.00,9.36,0.00,38.92,1,X
경기도,경기도 양주시,광적면,X,X,X,8.77,2.00,6.19,1.00,29.06,0,X
경기도,경기도 양주시,장흥면,O,X,X,-8.89,3.00,3.27,1.00,38.76,1,X
경기도,경기도 양주시,양주1동,O,O,O,-20.96,5.00,7.19,3.00,56.87,3,O
경기도,경기도 양주시,양주2동,X,X,X,5.05,1.00,5.43,0.00,19.98,0,X
경기도,경기도 양주시,회천1동,X,X,X,37.38,1.00,6.23,0.00,46.92,0,X
경기도,경기도 양주시,회천2동,O,O,O,1.02,4.00,-7.54,2.00,52.38,3,O
경기도,경기도 양주시,회천3동,X,X,X,-1.00,1.00,0.11,1.00,11.42,0,X
경기도,경기도 양주시,회천4동,X,O,X,28.74,2.00,-64.39,1.00,24.74,1,X
경기도,경기도 포천시,소흘읍,O,X,X,5.39,3.00,5.78,0.00,27.47,1,X
경기도,경기도 포천시,군내면,O,O,X,-17.28,4.00,3.75,3.00,32.66,2,O
경기도,경기도 포천시,내촌면,X,X,X,-11.06,2.00,2.24,1.00,20.11,0,X
경기도,경기도 포천시,가산면,O,X,X,-21.53,4.00,8.33,0.00,29.27,1,X
경기도,경기도 포천시,신북면,O,X,X,0.21,5.00,9.67,2.00,29.24,1,X
경기도,경기도 포천시,창수면,O,X,X,-36.23,5.00,4.94,0.00,43.12,1,X
경기도,경기도 포천시,영중면,O,X,X,-21.04,5.00,0.76,1.00,41.65,1,X
경기도,경기도 포천시,일동면,O,X,O,-10.05,3.00,1.80,1.00,50.27,2,O
경기도,경기도 포천시,이동면,O,O,O,-22.83,1.00,-7.98,2.00,56.68,3,O
경기도,경기도 포천시,영북면,O,O,O,-38.52,2.00,-7.34,2.00,51.02,3,O
경기도,경기도 포천시,관인면,O,O,O,-55.79,5.00,-32.08,4.00,56.75,3,O
경기도,경기도 포천시,화현면,O,X,X,-12.24,3.00,2.83,1.00,37.13,1,X
경기도,경기도 포천시,포천동,O,O,O,-0.43,4.00,-7.01,3.00,51.08,3,O
경기도,경기도 포천시,선단동,X,X,X,13.44,1.00,8.51,0.00,29.82,0,X
경기도,경기도 여주시,가납읍,O,X,X,-3.92,4.00,6.00,0.00,23.43,1,X
경기도,경기도 여주시,점동면,O,X,X,-32.93,1.00,9.03,1.00,22.08,1,X
경기도,경기도 여주시,능서면,O,O,X,-29.52,3.00,9.32,3.00,23.17,2,O
경기도,경기도 여주시,흥천면,O,X,X,-29.26,5.00,8.82,1.00,19.87,1,X
경기도,경기도 여주시,금사면,O,X,X,-49.72,1.00,0.50,2.00,22.56,1,X
경기도,경기도 여주시,산북면,X,X,X,-2.04,1.00,7.84,1.00,23.19,0,X
경기도,경기도 여주시,대신면,O,X,X,-35.27,3.00,1.70,2.00,25.85,1,X
경기도,경기도 여주시,북내면,O,X,X,-66.38,3.00,-1.05,1.00,24.33,1,X
경기도,경기도 여주시,강천면,O,X,X,-26.03,1.00,16.76,1.00,19.41,1,X
경기도,경기도 여주시,여흥동,X,X,X,0.00,1.00,-1.47,1.00,29.72,0,X
경기도,경기도 여주시,중앙동,X,X,X,0.00,2.00,1.08,1.00,44.55,0,X
경기도,경기도 여주시,오학동,X,X,X,0.00,0.00,12.17,0.00,36.61,0,X
경기도,경기도 연천군,연천읍,O,X,O,-48.44,1.00,-2.50,1.00,51.35,2,O
경기도,경기도 연천군,전곡읍,O,X,O,-4.02,3.00,-0.17,1.00,55.06,2,O
경기도,경기도 연천군,군남면,O,X,O,-54.74,1.00,2.62,0.00,57.72,2,O
경기도,경기도 연천군,청산면,O,X,O,-46.32,3.00,7.65,1.00,55.81,2,O
경기도,경기도 연천군,백학면,O,O,X,-51.23,3.00,-6.70,1.00,49.86,2,O
경기도,경기도 연천군,미산면,O,X,X,-52.57,1.00,-1.04,1.00,40.79,1,X
경기도,경기도 연천군,왕징면,O,X,O,-54.71,4.00,3.85,1.00,56.31,2,O
경기도,경기도 연천군,신서면,O,O,O,-60.02,3.00,-21.40,2.00,61.28,3,O
경기도,경기도 연천군,중면,O,X,X,-42.55,2.00,20.00,1.00,29.51,1,X
경기도,경기도 연천군,장남면,O,X,O,-44.97,0.00,12.00,1.00,52.01,2,O
경기도,경기도 가평군,가평읍,O,X,X,2.63,3.00,2.90,0.00,39.56,1,X
경기도,경기도 가평군,설악면,X,X,X,8.43,0.00,2.52,0.00,31.38,0,X
경기도,경기도 가평군,청평면,X,X,X,12.95,1.00,4.99,1.00,39.80,0,X
경기도,경기도 가평군,상면,O,X,X,-27.02,0.00,21.49,1.00,21.38,1,X
경기도,경기도 가평군,하면,X,X,X,3.53,2.00,11.48,1.00,40.72,0,X
경기도,경기도 가평군,북면,O,X,X,-28.71,1.00,8.70,0.00,23.71,1,X
경기도,경기도 양평군,양평읍,X,X,X,15.88,0.00,5.72,0.00,43.96,0,X
경기도,경기도 양평군,강상면,X,X,X,41.14,0.00,7.02,0.00,27.40,0,X
경기도,경기도 양평군,강하면,X,X,X,22.69,1.00,-0.47,0.00,24.18,0,X
경기도,경기도 양평군,양서면,X,X,X,27.07,0.00,4.76,0.00,31.41,0,X
경기도,경기도 양평군,옥천면,X,X,X,27.42,1.00,4.30,1.00,27.43,0,X
경기도,경기도 양평군,서종면,X,X,X,39.86,0.00,2.04,1.00,18.92,0,X
경기도,경기도 양평군,단월면,O,O,X,-23.09,0.00,-1.75,3.00,25.30,2,O
경기도,경기도 양평군,청운면,O,X,X,-37.87,1.00,6.84,1.00,45.22,1,X
경기도,경기도 양평군,양동면,O,O,O,-45.42,1.00,-5.51,1.00,51.17,3,O
경기도,경기도 양평군,지평면,O,X,X,-30.18,0.00,-0.37,1.00,37.12,1,X
경기도,경기도 양평군,용문면,X,X,X,8.41,0.00,7.88,1.00,37.15,0,X
경기도,경기도 양평군,개군면,X,X,X,-18.41,0.00,3.40,1.00,40.71,0,X
